[
  {
    "id": "1738177209.965177",
    "student_id": "22310300",
    "items": [
      {
        "name": "Chow Mein",
        "price": 150,
        "quantity": 1,
        "total": 150
      },
      {
        "name": "Paneer Tikka",
        "price": 140,
        "quantity": 1,
        "total": 140
      },
      {
        "name": "Pasta Alfredo",
        "price": 220,
        "quantity": 1,
        "total": 220
      }
    ],
    "total": 510,
    "status": "pending_payment",
    "time": "2025-01-30 00:30:09"
  },
  {
    "id": "1738213145.196775",
    "student_id": "22310300",
    "items": [
      {
        "name": "Spring Rolls",
        "price": 50,
        "quantity": 1,
        "total": 50
      }
    ],
    "total": 50,
    "status": "pending_payment",
    "time": "2025-01-30 10:29:05"
  }
]